clouds,datetime,dewpt,dhi,dni,ghi,max_dhi,max_dni,max_ghi,max_temp,max_temp_ts,max_uv,max_wind_dir,max_wind_spd,max_wind_spd_ts,min_temp,min_temp_ts,precip,precip_gpm,pres,revision_status,rh,slp,snow,snow_depth,solar_rad,t_dhi,t_dni,t_ghi,t_solar_rad,temp,ts,wind_dir,wind_gust_spd,wind_spd,latitude,longitude,GDD,Cumulative_GDD,,datetime
92,5/2/2024,7.8,53,431,316,119,917,908,54.14,1714626000,2.7,130,5.4,1714672800,48.02,1714708800,10,10,975,final,82,1012,0,,44,1273,10339,7576,1055,10.8,1714626000,130,9.2,2.7,45.344,-93.852,2.07,2.07,,5/2/2024
28,5/3/2024,4.3,53,432,317,119,917,911,66.74,1714770000,8.2,243,4.8,1714755600,44.06,1714726800,1,1,977,final,61,1015,0,,258,1277,10370,7617,6187,12.4,1714712400,243,9.6,2.9,45.344,-93.852,8.37,10.44,,5/3/2024
71,5/4/2024,4.8,53,433,319,119,917,913,62.78,1714863600,3.8,295,5.2,1714845600,45.68,1714824000,5.5,5.5,979,final,68,1017,0,,142,1281,10400,7657,3409,11,1714798800,295,10,2.9,45.344,-93.852,6.39,16.83,,5/4/2024
13,5/5/2024,2.5,54,435,321,120,918,916,68,1714939200,8.1,227,2.8,1714946400,39.38,1714903200,0,0,980,final,52,1017,0,,321,1285,10429,7697,7693,13.2,1714885200,227,5.6,1.7,45.344,-93.852,9,25.83,,5/5/2024
18,5/6/2024,5,54,436,322,120,918,918,72.68,1715029200,3.2,124,6.6,1715022000,45.14,1714982400,0,0,972,final,48,1010,0,,166,1290,10458,7736,3978,16.8,1714971600,124,10.6,4,45.344,-93.852,11.34,37.17,,5/6/2024
80,5/7/2024,8.8,54,437,324,120,918,920,68.54,1715108400,8,166,6.1,1715061600,50.9,1715083200,4,4,959,final,62,996,0,,208,1296,10487,7774,4982,16.5,1715058000,166,11.1,3.7,45.344,-93.852,9.72,46.89,,5/7/2024
11,5/8/2024,3.8,54,438,326,120,918,923,74.66,1715202000,9,100,5.9,1715220000,-14.44,1715158800,0,0,968,final,55,1005,0,,318,1301,10519,7812,7627,14.1,1715144400,100,11.6,2.9,45.344,-93.852,12.33,59.22,,5/8/2024
7,5/9/2024,2.4,54,440,327,120,918,925,66.2,1715288400,8.8,44,6.1,1715277600,45.5,1715252400,0,0,977,final,50,1014,0,,327,1306,10553,7849,7849,13.4,1715230800,44,9.6,4,45.344,-93.852,8.1,67.32,,5/9/2024
21,5/10/2024,2.6,55,441,329,120,919,927,72.5,1715360400,7.7,226,8.6,1715367600,40.1,1715335200,0,0,975,final,52,1013,0,,309,1311,10588,7886,7413,13.7,1715317200,226,12.6,3.8,45.344,-93.852,11.25,78.57,,5/10/2024
0,5/11/2024,1.4,55,443,330,120,919,929,76.1,1715464800,8.5,250,3.5,1715461200,44.42,1715425200,0,0,973,final,42,1010,0,,330,1316,10622,7922,7909,16.5,1715403600,250,6.8,1.7,45.344,-93.852,13.05,91.62,,5/11/2024
0,5/12/2024,4.1,55,444,332,120,919,931,83.12,1715536800,9.1,259,5.8,1715540400,56.84,1715511600,0,0,968,final,34,1005,0,,331,1320,10656,7957,7937,21.2,1715490000,259,10.6,3.5,45.344,-93.852,19.98,111.6,,5/12/2024
0,5/13/2024,1.8,55,445,333,120,919,933,70.34,1715637600,9.2,218,5,1715623200,48.38,1715598000,0,0,973,final,42,1011,0,,333,1324,10689,7991,7981,15.5,1715576400,218,8.5,2.9,45.344,-93.852,10.17,121.77,,5/13/2024
0,5/14/2024,3.5,55,447,334,120,919,935,71.06,1715720400,9.2,66,4.5,1715709600,46.4,1715680800,0,0,975,final,48,1012,0,,334,1328,10721,8024,8022,15,1715662800,66,8.4,2.9,45.344,-93.852,10.53,132.3,,5/14/2024
34,5/15/2024,6.5,56,448,336,120,919,936,71.06,1715810400,5.1,105,3.9,1715828400,45.68,1715767200,2.5,2.5,973,final,58,1011,0,,194,1332,10753,8057,4647,15.3,1715749200,105,10,2.8,45.344,-93.852,10.53,142.83,,5/15/2024
70,5/16/2024,9.8,56,449,337,120,919,938,69.98,1715900400,3.9,269,4.5,1715875200,51.98,1715918400,0.3,0.3,969,final,70,1006,0,,186,1336,10783,8089,4455,15.7,1715835600,269,10,2.9,45.344,-93.852,10.98,153.81,,5/16/2024
27,5/17/2024,11.1,56,450,338,120,919,940,86,1715976000,9.3,168,5.2,1715994000,51.62,1715922000,3.5,3.5,966,final,63,1004,0,,321,1339,10811,8120,7714,19.3,1715922000,168,10.4,2.9,45.344,-93.852,18.81,172.62,,5/17/2024
11,5/18/2024,8.7,56,452,340,120,919,941,77.18,1716051600,9.3,233,6.6,1716062400,56.84,1716091200,0,0,969,final,47,1006,0,,337,1343,10839,8150,8087,21.3,1716008400,233,12.8,3.9,45.344,-93.852,17.01,189.63,,5/18/2024
31,5/19/2024,4.6,56,453,341,120,919,943,72.68,1716156000,2.9,189,4.5,1716156000,45.86,1716112800,0.3,0.3,977,final,48,1015,0,,90,1346,10866,8179,2161,16.6,1716094800,189,8.4,2.3,45.344,-93.852,11.34,200.97,,5/19/2024
66,5/20/2024,13.3,56,454,342,120,920,944,74.48,1716235200,7,181,3.5,1716242400,55.04,1716199200,18.3,18.3,972,final,75,1010,0,,203,1349,10891,8207,4864,18.1,1716181200,181,6,1.6,45.344,-93.852,14.76,215.73,,5/20/2024
91,5/21/2024,15.1,56,455,343,121,920,946,72.5,1716321600,2.9,167,6.3,1716350400,55.94,1716350400,37.3,37.3,964,final,85,1002,0,,44,1352,10915,8234,1045,17.8,1716267600,167,14.8,2.7,45.344,-93.852,14.22,229.95,,5/21/2024
32,5/22/2024,7.8,56,456,344,121,920,947,69.8,1716415200,6.7,277,6,1716397200,52.34,1716372000,0,0,968,final,60,1005,0,,278,1355,10938,8261,6681,16,1716354000,277,11,4.4,45.344,-93.852,11.07,241.02,,5/22/2024
35,5/23/2024,8.7,57,457,345,121,920,949,78.08,1716501600,9.3,170,3.6,1716487200,53.6,1716440400,0,0,972,final,53,1009,0,,291,1358,10960,8286,6990,19.5,1716440400,170,8,2.1,45.344,-93.852,15.84,256.86,,5/23/2024
69,5/24/2024,8.8,57,458,346,121,920,950,71.96,1716577200,7.9,178,7.8,1716591600,47.12,1716609600,18,18,965,final,63,1003,0,,185,1360,10980,8311,4450,16.1,1716526800,178,13.5,4.5,45.344,-93.852,10.98,267.84,,5/24/2024
34,5/25/2024,8.3,57,458,347,121,920,951,73.76,1716663600,7.3,199,5.2,1716652800,45.68,1716620400,0,0,970,final,66,1008,0,,207,1363,11000,8335,4980,15.1,1716613200,199,9.6,2.7,45.344,-93.852,11.88,279.72,,5/25/2024
49,5/26/2024,10.5,57,459,348,121,920,952,70.7,1716757200,4.4,80,4.4,1716753600,53.6,1716782400,0,0,969,final,67,1006,0,,199,1365,11019,8357,4775,17,1716699600,80,9.2,2.5,45.344,-93.852,12.15,291.87,,5/26/2024
65,5/27/2024,11.4,57,460,349,121,920,953,68.36,1716836400,3.3,247,3.9,1716847200,53.6,1716800400,12.5,12.5,972,final,80,1010,0,,126,1367,11036,8379,3028,14.9,1716786000,247,9.3,1.9,45.344,-93.852,10.98,302.85,,5/27/2024
57,5/28/2024,8.5,57,461,350,121,920,954,66.2,1716933600,7.6,299,5.2,1716926400,50,1716883200,0.8,0.8,981,final,71,1019,0,,323,1369,11053,8400,7762,14.2,1716872400,299,11.2,2.6,45.344,-93.852,8.1,310.95,,5/28/2024
4,5/29/2024,7.7,57,461,351,121,920,955,71.24,1717020000,7.2,160,3.1,1717012800,46.76,1716973200,0,0,986,final,62,1023,0,,273,1371,11069,8420,6556,15.7,1716958800,160,6.4,1.7,45.344,-93.852,10.62,321.57,,5/29/2024
17,5/30/2024,9.3,57,462,352,121,920,956,77,1717099200,9,154,5.2,1717084800,56.84,1717063200,0,0,981,final,51,1019,0,,172,1373,11083,8439,4129,20.1,1717045200,154,11.2,3.2,45.344,-93.852,16.92,338.49,,5/30/2024
74,5/31/2024,13.4,57,462,352,121,919,957,72.86,1717185600,3.6,157,4.4,1717185600,58.82,1717214400,12.8,12.8,981,final,75,1018,0,,105,1375,11097,8457,2526,18.4,1717131600,157,9.2,2,45.344,-93.852,15.84,354.33,,5/31/2024
59,6/1/2024,11.9,57,463,353,121,919,958,76.82,1717282800,9.5,243,2.8,1717282800,58.1,1717218000,0.5,0.5,977,final,68,1015,0,,334,1377,11110,8474,8012,18.9,1717218000,243,7.6,1.4,45.344,-93.852,17.46,371.79,,6/1/2024
45,6/2/2024,13.3,57,463,354,121,919,958,75.92,1717344000,4.2,142,4.7,1717344000,54.5,1717318800,11.8,11.8,974,final,72,1012,0,,177,1378,11122,8491,4246,18.9,1717304400,142,12.8,2.8,45.344,-93.852,15.21,387,,6/2/2024
49,6/3/2024,16.4,57,464,354,121,919,959,81.14,1717452000,7.3,229,3.7,1717401600,62.78,1717408800,52.3,52.3,967,final,74,1004,0,,273,1380,11133,8506,6541,21.7,1717390800,229,14.8,1.8,45.344,-93.852,21.96,408.96,,6/3/2024
30,6/4/2024,16.3,58,464,355,121,919,960,84.38,1717527600,9.4,209,6.1,1717542000,58.64,1717560000,18.8,18.8,965,final,76,1002,0,,279,1381,11143,8520,6699,21,1717477200,209,12,3.2,45.344,-93.852,21.51,430.47,,6/4/2024
17,6/5/2024,9.9,58,465,356,121,919,960,76.64,1717621200,8.5,254,6.5,1717610400,54.68,1717581600,0.5,0.5,964,final,60,1001,0,,321,1382,11152,8534,7694,18.6,1717563600,254,12.8,3.1,45.344,-93.852,15.66,446.13,,6/5/2024
45,6/6/2024,7.5,58,465,356,121,919,961,69.98,1717714800,4.5,291,9.5,1717700400,56.66,1717732800,0,0,968,final,53,1005,0,,214,1383,11161,8546,5133,17.4,1717650000,291,12.9,5.1,45.344,-93.852,13.32,459.45,,6/6/2024
0,6/7/2024,6.3,58,465,357,121,919,961,77.18,1717797600,9.8,238,4.5,1717779600,55.94,1717754400,0,0,973,final,47,1011,0,,355,1384,11169,8558,8521,19.1,1717736400,238,8.4,2.3,45.344,-93.852,16.56,476.01,,6/7/2024
42,6/8/2024,7.9,58,466,357,121,919,962,76.1,1717880400,9.3,269,5,1717873200,55.04,1717844400,2,2,975,final,53,1012,0,,348,1385,11175,8568,8349,18.8,1717822800,269,8.8,2.3,45.344,-93.852,15.57,491.58,,6/8/2024
14,6/9/2024,6.8,58,466,357,121,919,962,72.5,1717966800,8.8,253,9.2,1717956000,56.48,1717916400,0,0,979,final,50,1016,0,,290,1387,11182,8578,6965,18,1717909200,253,13.5,5,45.344,-93.852,14.49,506.07,,6/9/2024
2,6/10/2024,6.8,58,466,358,121,919,962,73.58,1718053200,9.8,158,2.8,1717995600,48.92,1718013600,0,0,980,final,55,1018,0,,307,1388,11187,8587,7377,17,1717995600,158,6.4,1.6,45.344,-93.852,11.79,517.86,,6/10/2024
49,6/11/2024,9.7,58,466,358,121,919,962,81.5,1718143200,8.7,221,5,1718136000,56.66,1718103600,5.5,5.5,973,final,52,1010,0,,325,1390,11192,8594,7795,20.8,1718082000,221,9.9,2.7,45.344,-93.852,19.08,536.94,,6/11/2024
25,6/12/2024,15,58,467,358,121,919,963,81.5,1718233200,9.4,191,4.3,1718222400,55.22,1718182800,4,4,970,final,73,1007,0,,296,1391,11196,8601,7103,20.1,1718168400,191,10.4,2.4,45.344,-93.852,18.36,555.3,,6/12/2024
6,6/13/2024,10.1,58,467,359,121,918,963,82.4,1718319600,8.4,287,5.2,1718308800,62.78,1718265600,0,0,973,final,49,1010,0,,307,1392,11200,8607,7380,22.8,1718254800,287,11.2,2.6,45.344,-93.852,22.59,577.89,,6/13/2024
8,6/14/2024,10.4,58,467,359,121,918,963,79.7,1718398800,8.6,249,3.2,1718384400,55.04,1718359200,0,0,980,final,53,1018,0,,334,1393,11204,8612,8006,20.8,1718341200,249,5.6,1.6,45.344,-93.852,17.37,595.26,,6/14/2024
72,6/15/2024,14.1,58,467,359,121,918,963,71.24,1718463600,3.1,136,3.5,1718481600,62.96,1718485200,32.6,32.6,976,final,75,1014,0,,69,1393,11207,8617,1664,18.8,1718427600,136,14.4,2.6,45.344,-93.852,17.1,612.36,,6/15/2024
66,6/16/2024,18.9,58,467,359,121,918,963,86.72,1718571600,5.5,211,4.4,1718546400,64.4,1718514000,2.3,2.3,967,final,75,1004,0,,255,1394,11210,8620,6130,24,1718514000,211,9.2,3,45.344,-93.852,25.2,637.56,,6/16/2024
82,6/17/2024,12.9,58,467,359,121,918,963,71.78,1718600400,3.1,137,5.5,1718658000,56.12,1718629200,12.8,12.8,973,final,79,1010,0,,56,1395,11211,8622,1345,16.8,1718600400,137,15,3,45.344,-93.852,13.95,651.51,,6/17/2024
61,6/18/2024,20,58,467,359,121,918,963,84.38,1718748000,4.5,183,6.3,1718737200,64.58,1718686800,40.2,40.2,967,final,79,1005,0,,148,1395,11212,8623,3543,23.8,1718686800,183,19.2,4.2,45.344,-93.852,24.48,675.99,,6/18/2024
47,6/19/2024,11.7,58,467,359,121,918,963,71.6,1718827200,3.1,257,4.6,1718798400,57.74,1718856000,0,0,985,final,66,1022,0,,120,1395,11213,8624,2890,18.4,1718773200,257,8.8,3.2,45.344,-93.852,14.67,690.66,,6/19/2024
58,6/20/2024,13.3,58,467,359,121,918,963,69.8,1718920800,3.1,101,3.6,1718917200,56.3,1718863200,4.8,4.8,989,final,78,1027,0,,129,1395,11212,8623,3099,17.2,1718859600,101,6.8,1.6,45.344,-93.852,13.05,703.71,,6/20/2024
97,6/21/2024,16.9,58,467,359,121,918,963,71.6,1719010800,3.1,75,4.7,1719018000,63.5,1718956800,4.8,4.8,983,final,85,1021,0,,46,1395,11210,8622,1100,19.4,1718946000,75,9.6,2.8,45.344,-93.852,17.55,721.26,,6/21/2024
96,6/22/2024,16.9,58,467,359,121,917,962,68.9,1719072000,3.1,170,4.2,1719108000,58.1,1719115200,11.3,11.3,974,final,89,1012,0,,49,1395,11208,8619,1174,18.8,1719032400,170,9.8,2.7,45.344,-93.852,13.5,734.76,,6/22/2024
48,6/23/2024,14.7,58,467,359,121,917,962,82.58,1719172800,8.6,291,4.5,1719172800,57.02,1719126000,0,0,974,final,71,1012,0,,316,1394,11204,8616,7574,21,1719118800,291,8.8,2.1,45.344,-93.852,19.8,754.56,,6/23/2024
39,6/24/2024,17.9,58,467,359,121,917,962,85.28,1719266400,4.8,157,4.7,1719252000,60.08,1719219600,0,0,971,final,72,1008,0,,218,1394,11200,8612,5243,23.6,1719205200,157,9.7,2.6,45.344,-93.852,22.68,777.24,,6/24/2024
2,6/25/2024,15.1,58,466,359,121,917,961,84.2,1719345600,9.1,279,3.8,1719356400,67.64,1719374400,0,0,971,final,59,1006,0,,329,1393,11194,8607,7894,24.6,1719291600,279,8,1.9,45.344,-93.852,25.92,803.16,,6/25/2024
22,6/26/2024,11.8,58,466,358,121,917,961,78.08,1719439200,7.9,248,4.8,1719414000,62.24,1719460800,0,0,977,final,55,1015,0,,353,1393,11188,8600,8462,21.5,1719378000,248,10.4,3,45.344,-93.852,20.16,823.32,,6/26/2024
53,6/27/2024,13.4,58,466,358,121,917,961,69.8,1719525600,3.1,104,3.2,1719493200,55.76,1719482400,0.5,0.5,977,final,74,1014,0,,113,1392,11180,8593,2721,18.2,1719464400,104,9.6,1.9,45.344,-93.852,12.78,836.1,,6/27/2024
71,6/28/2024,17.9,58,465,358,121,917,960,81.86,1719608400,4.2,214,5.8,1719572400,65.3,1719572400,6.5,6.5,966,final,78,1003,0,,144,1391,11172,8585,3460,22,1719550800,214,11.6,3.5,45.344,-93.852,23.58,859.68,,6/28/2024
45,6/29/2024,11.6,58,465,357,121,916,959,69.8,1719694800,4.1,301,7.5,1719687600,57.56,1719720000,0,0,978,final,65,1015,0,,201,1389,11163,8576,4818,18.5,1719637200,301,11.1,3.8,45.344,-93.852,13.68,873.36,,6/29/2024
0,6/30/2024,7.4,58,465,357,121,916,959,72.5,1719784800,9.8,168,2.7,1719766800,50.18,1719741600,0,0,989,final,56,1027,0,,357,1388,11152,8566,8566,16.9,1719723600,168,6,1.4,45.344,-93.852,11.34,884.7,,6/30/2024
31,7/1/2024,9.6,58,464,356,120,916,958,73.94,1719860400,3.3,155,5.7,1719849600,58.46,1719820800,1,1,982,final,54,1020,0,,121,1387,11141,8555,2915,19.4,1719810000,155,9.6,3.4,45.344,-93.852,16.2,900.9,,7/1/2024
56,7/2/2024,15.4,58,464,356,120,916,958,75.74,1719950400,3,189,5.2,1719896400,60.08,1719907200,0.8,0.8,971,final,75,1009,0,,83,1385,11128,8544,2001,20,1719896400,189,9.4,2.7,45.344,-93.852,17.91,918.81,,7/2/2024
7,7/3/2024,14.1,58,463,355,120,916,957,83.3,1720044000,9.5,253,5.3,1720033200,61.7,1720000800,0,0,973,final,61,1011,0,,353,1383,11115,8531,8466,22.9,1719982800,253,9,2.7,45.344,-93.852,22.5,941.31,,7/3/2024
56,7/4/2024,15.8,58,463,355,120,916,956,70.34,1720108800,3,116,2.4,1720126800,60.8,1720080000,11.1,11.1,975,final,85,1012,0,,99,1381,11101,8517,2378,18.5,1720069200,116,8,1.4,45.344,-93.852,15.57,956.88,,7/4/2024
62,7/5/2024,14.7,57,462,354,120,915,955,78.08,1720220400,6.9,206,4,1720213200,61.88,1720173600,0,0,975,final,72,1013,0,,288,1379,11086,8503,6919,20.3,1720155600,206,9.2,2.6,45.344,-93.852,19.98,976.86,,7/5/2024
27,7/6/2024,14.1,57,461,354,120,915,954,80.96,1720299600,6.9,180,3.7,1720317600,57.74,1720263600,2.8,2.8,976,final,67,1014,0,,293,1377,11070,8487,7023,21.1,1720242000,180,10.8,1.9,45.344,-93.852,19.35,996.21,,7/6/2024
48,7/7/2024,15.3,57,461,353,120,915,953,78.98,1720389600,7.1,206,3.2,1720375200,62.24,1720346400,1.5,1.5,975,final,72,1012,0,,332,1375,11054,8471,7978,20.9,1720328400,206,8.4,1.4,45.344,-93.852,20.61,1016.82,,7/7/2024
17,7/8/2024,15.7,57,460,352,120,915,952,80.6,1720468800,7.4,317,3.5,1720465200,60.62,1720425600,0.3,0.3,976,final,69,1013,0,,304,1372,11037,8454,7296,22,1720414800,317,7.6,1.6,45.344,-93.852,20.61,1037.43,,7/8/2024
15,7/9/2024,16.6,57,459,351,120,915,951,83.84,1720551600,8.5,248,2.1,1720558800,60.8,1720519200,6.5,6.5,977,final,70,1015,0,,332,1369,11019,8436,7967,22.8,1720501200,248,5.2,1.2,45.344,-93.852,22.32,1059.75,,7/9/2024
33,7/10/2024,17.3,57,458,351,120,914,950,83.12,1720634400,3,180,3,1720641600,63.86,1720598400,2.8,2.8,978,final,77,1016,0,,94,1367,11001,8417,2247,21.9,1720587600,180,11.8,1.2,45.344,-93.852,23.49,1083.24,,7/10/2024
27,7/11/2024,16.9,57,458,350,120,914,949,84.74,1720731600,7.1,164,2.1,1720735200,61.7,1720692000,0,0,981,final,71,1018,0,,331,1364,10983,8397,7939,23.3,1720674000,164,4,1.1,45.344,-93.852,23.22,1106.46,,7/11/2024
6,7/12/2024,16.7,57,457,349,120,914,948,84.92,1720818000,8.7,166,4.3,1720810800,65.84,1720782000,0,0,980,final,64,1018,0,,348,1360,10964,8377,8360,24.7,1720760400,166,9.2,2.3,45.344,-93.852,25.38,1131.84,,7/12/2024
46,7/13/2024,19.6,57,456,348,120,914,947,84.74,1720908000,5.7,152,3.7,1720886400,67.1,1720875600,19.8,19.8,978,final,78,1015,0,,262,1358,10944,8355,6282,23.7,1720846800,152,19.5,1.6,45.344,-93.852,25.92,1157.76,,7/13/2024
11,7/14/2024,18.6,56,455,347,120,914,946,87.08,1720990800,6.8,276,6.6,1720933200,64.4,1720951200,22.5,22.5,975,final,72,1012,0,,284,1355,10924,8333,6807,24.3,1720933200,276,15.8,2.1,45.344,-93.852,25.2,1182.96,,7/14/2024
33,7/15/2024,18.7,56,454,346,120,913,944,84.2,1721080800,3.6,229,4.7,1721088000,66.2,1721026800,1,1,972,final,77,1009,0,,162,1353,10902,8310,3881,23.2,1721019600,229,13.2,2.5,45.344,-93.852,25.2,1208.16,,7/15/2024
17,7/16/2024,13.4,56,453,345,120,913,943,78.98,1721163600,7.8,315,4.5,1721156400,61.34,1721124000,0,0,976,final,62,1013,0,,333,1350,10880,8286,7992,21.5,1721106000,315,9.6,2.8,45.344,-93.852,20.16,1228.32,,7/16/2024
21,7/17/2024,11,56,452,344,120,913,942,74.3,1721253600,6.6,256,4.4,1721239200,57.38,1721210400,0,0,983,final,63,1021,0,,252,1347,10857,8261,6040,18.7,1721192400,256,9.6,2.7,45.344,-93.852,15.84,1244.16,,7/17/2024
41,7/18/2024,12,56,451,343,120,913,940,77.9,1721340000,5,169,2,1721336400,54.68,1721289600,0,0,985,final,66,1023,0,,257,1344,10833,8236,6171,19.5,1721278800,169,6.4,1.1,45.344,-93.852,16.29,1260.45,,7/18/2024
38,7/19/2024,14.2,56,450,342,120,913,939,80.42,1721412000,4.3,182,2.9,1721415600,60.8,1721383200,0,0,982,final,65,1020,0,,172,1341,10808,8209,4123,21.4,1721365200,182,8.4,2,45.344,-93.852,20.61,1281.06,,7/19/2024
34,7/20/2024,16.9,56,449,341,120,912,937,83.12,1721516400,6.3,119,2,1721484000,62.42,1721473200,0,0,982,final,71,1019,0,,315,1337,10783,8182,7560,22.9,1721451600,119,4.4,1.1,45.344,-93.852,22.77,1303.83,,7/20/2024
42,7/21/2024,18.5,56,448,340,119,912,935,80.6,1721599200,6.1,129,2.9,1721577600,64.4,1721559600,0.3,0.3,983,final,80,1021,0,,286,1334,10757,8154,6876,22.4,1721538000,129,5.6,1.5,45.344,-93.852,22.5,1326.33,,7/21/2024
16,7/22/2024,17.9,55,447,339,119,912,934,83.84,1721678400,7.7,228,4.2,1721678400,64.58,1721646000,4.2,4.2,979,final,75,1017,0,,293,1330,10731,8125,7042,22.8,1721624400,228,8.5,1.9,45.344,-93.852,24.21,1350.54,,7/22/2024
66,7/23/2024,16.6,55,446,337,119,912,932,73.22,1721772000,4.2,76,3.2,1721768400,63.14,1721793600,3.8,3.8,980,final,82,1018,0,,172,1327,10704,8096,4130,19.8,1721710800,76,6,1.9,45.344,-93.852,18.18,1368.72,,7/23/2024
42,7/24/2024,14.3,55,445,336,119,911,930,77.54,1721858400,5.3,67,3.2,1721847600,58.28,1721818800,0,0,985,final,73,1022,0,,298,1323,10677,8066,7156,19.5,1721797200,67,6.4,1.9,45.344,-93.852,17.91,1386.63,,7/24/2024
14,7/25/2024,14.8,55,444,335,119,911,929,80.96,1721941200,9.1,126,2.9,1721930400,54.32,1721905200,0,0,985,final,72,1023,0,,335,1319,10651,8035,8035,20.5,1721883600,126,8.8,1.8,45.344,-93.852,17.64,1404.27,,7/25/2024
58,7/26/2024,19.4,55,443,333,119,911,927,86.18,1722031200,3.3,160,4.3,1722024000,67.46,1721984400,0,0,980,final,74,1017,0,,141,1315,10625,8003,3390,24.5,1721970000,160,10.4,3.2,45.344,-93.852,26.73,1431,,7/26/2024
32,7/27/2024,20.8,55,442,332,119,910,925,89.42,1722114000,8.5,176,4.5,1722110400,73.4,1722078000,0,0,975,final,70,1013,0,,305,1310,10600,7970,7310,27.1,1722056400,176,10.8,3.3,45.344,-93.852,29.7,1460.7,,7/27/2024
30,7/28/2024,19.4,54,441,331,119,910,923,87.62,1722196800,8.1,171,4.9,1722204000,68.9,1722225600,15.6,15.6,973,final,73,1010,0,,294,1306,10577,7937,7061,24.8,1722142800,171,11.6,3.5,45.344,-93.852,27.45,1488.15,,7/28/2024
17,7/29/2024,19.1,54,440,329,119,910,921,84.92,1722286800,8.8,230,2.1,1722229200,67.64,1722236400,2,2,973,final,76,1011,0,,297,1301,10555,7904,7120,24.1,1722229200,230,5.2,1.1,45.344,-93.852,26.28,1514.43,,7/29/2024
25,7/30/2024,21,54,439,328,119,910,919,86,1722376800,8.2,201,4.2,1722348000,68.9,1722315600,0,0,972,final,80,1010,0,,258,1298,10532,7869,6196,25,1722315600,201,7.6,1.3,45.344,-93.852,27.45,1541.88,,7/30/2024
38,7/31/2024,19.9,54,438,326,119,909,917,87.44,1722448800,8,169,5.5,1722477600,65.84,1722484800,10.9,10.9,974,final,80,1012,0,,301,1295,10508,7834,7226,23.7,1722402000,169,14.2,2.5,45.344,-93.852,25.92,1567.8,,7/31/2024
59,8/1/2024,18.2,54,437,325,119,909,914,79.52,1722553200,3,286,3.7,1722535200,66.02,1722492000,30.3,30.3,978,final,84,1016,0,,84,1291,10483,7798,2022,21.1,1722488400,286,9.2,2.7,45.344,-93.852,22.77,1590.57,,8/1/2024
0,8/2/2024,17.8,54,436,323,119,909,912,89.6,1722632400,8.6,302,4.3,1722636000,63.5,1722585600,0,0,981,final,70,1019,0,,323,1288,10458,7761,7759,24.4,1722574800,302,8.4,2.2,45.344,-93.852,24.75,1615.32,,8/2/2024
12,8/3/2024,16.9,54,435,322,118,908,910,84.2,1722718800,5.6,187,5.2,1722736800,57.74,1722679200,7,7,978,final,73,1016,0,,268,1284,10432,7723,6427,22.4,1722661200,187,17,2.2,45.344,-93.852,20.97,1636.29,,8/3/2024
54,8/4/2024,18.5,53,434,320,118,908,907,81.68,1722805200,5.8,63,4.5,1722787200,64.76,1722762000,0,0,978,final,78,1016,0,,203,1281,10404,7685,4879,22.7,1722747600,63,10,2.3,45.344,-93.852,23.22,1659.51,,8/4/2024
90,8/5/2024,15.8,53,432,319,118,908,905,69.98,1722834000,2.7,83,8.6,1722898800,59,1722898800,40.8,40.8,980,final,89,1018,0,,34,1277,10376,7645,813,17.6,1722834000,83,11.6,4.1,45.344,-93.852,14.49,1674,,8/5/2024
9,8/6/2024,12,53,431,317,118,907,902,76.46,1722981600,5.7,100,3,1722920400,53.96,1722938400,0,0,984,final,71,1022,0,,290,1273,10347,7605,6963,18.1,1722920400,100,9.2,1.6,45.344,-93.852,15.21,1689.21,,8/6/2024
42,8/7/2024,14.4,53,430,315,118,907,900,73.58,1723053600,3.1,169,3.3,1723046400,55.58,1723014000,5.3,5.3,979,final,80,1017,0,,157,1269,10316,7565,3765,18.1,1723006800,169,9.6,1.8,45.344,-93.852,14.58,1703.79,,8/7/2024
67,8/8/2024,11.2,53,429,313,118,906,897,66.74,1723136400,5.3,303,6.2,1723147200,57.2,1723114800,1,1,979,final,70,1017,0,,220,1265,10285,7523,5291,17,1723093200,303,10.4,3.8,45.344,-93.852,11.97,1715.76,,8/8/2024
48,8/9/2024,8.9,53,427,312,118,906,895,68.36,1723226400,6.1,303,6.4,1723219200,54.32,1723201200,0,0,982,final,64,1019,0,,296,1261,10252,7481,7095,16.2,1723179600,303,9.6,4.3,45.344,-93.852,11.34,1727.1,,8/9/2024
14,8/10/2024,9.2,52,426,310,118,906,892,72.68,1723323600,6.1,289,5.7,1723305600,51.8,1723287600,0,0,983,final,64,1020,0,,209,1256,10218,7438,5017,16.5,1723266000,289,8.4,2.5,45.344,-93.852,12.24,1739.34,,8/10/2024
1,8/11/2024,10.5,52,424,308,118,905,889,75.56,1723402800,8.3,275,2.4,1723392000,50,1723370400,0,0,983,final,68,1020,0,,252,1252,10183,7394,6038,17.4,1723352400,275,6,1.5,45.344,-93.852,12.78,1752.12,,8/11/2024
3,8/12/2024,11.1,52,423,306,117,905,886,79.52,1723496400,7.4,218,2.4,1723474800,51.26,1723460400,0,0,983,final,67,1021,0,,304,1247,10147,7350,7307,18.6,1723438800,218,3.6,1.2,45.344,-93.852,15.39,1767.51,,8/12/2024
7,8/13/2024,13.4,52,421,304,117,904,883,80.6,1723579200,7.6,147,2.4,1723582800,52.88,1723543200,0,0,983,final,70,1021,0,,301,1243,10109,7304,7223,19.9,1723525200,147,6.4,1.6,45.344,-93.852,16.74,1784.25,,8/13/2024
57,8/14/2024,16.5,52,420,302,117,904,880,77.54,1723654800,3.3,140,4.4,1723651200,62.78,1723611600,0,0,980,final,76,1018,0,,124,1238,10070,7259,2974,21.1,1723611600,140,10.8,2.8,45.344,-93.852,20.16,1804.41,,8/14/2024
78,8/15/2024,18,51,418,301,117,903,877,77.9,1723755600,6.3,184,4.7,1723708800,65.84,1723708800,6,6,972,final,79,1009,0,,230,1233,10030,7212,5521,21.8,1723698000,184,10,2.2,45.344,-93.852,21.87,1826.28,,8/15/2024
75,8/16/2024,17.6,51,416,299,117,903,874,77,1723834800,4.8,283,4.9,1723838400,64.76,1723798800,0.5,0.5,971,final,80,1008,0,,173,1227,9988,7165,4148,21.2,1723784400,283,9.7,2.8,45.344,-93.852,20.88,1847.16,,8/16/2024
65,8/17/2024,17.1,51,414,297,117,902,871,80.6,1723932000,6.3,247,5.2,1723921200,63.86,1723953600,0,0,977,final,75,1014,0,,214,1222,9944,7117,5142,22,1723870800,247,9.2,3.3,45.344,-93.852,22.23,1869.39,,8/17/2024
21,8/18/2024,15.9,51,412,295,117,902,868,81.86,1724014800,7.5,171,3,1723996800,60.62,1723978800,0,0,982,final,74,1019,0,,287,1217,9900,7069,6877,21.3,1723957200,171,7.2,1.8,45.344,-93.852,21.24,1890.63,,8/18/2024
22,8/19/2024,14.5,50,411,292,117,901,864,79.34,1724101200,7.1,142,2,1724083200,59,1724061600,0,0,986,final,71,1023,0,,266,1211,9853,7020,6378,20.5,1724043600,142,4,1.3,45.344,-93.852,19.17,1909.8,,8/19/2024
22,8/20/2024,15.3,50,409,290,116,901,861,77,1724184000,2.4,142,2.8,1724184000,58.1,1724144400,0,0,987,final,77,1024,0,,70,1205,9806,6970,1685,19.8,1724130000,142,6.4,1.4,45.344,-93.852,17.55,1927.35,,8/20/2024
22,8/21/2024,15.2,50,407,288,116,900,858,78.26,1724274000,5.5,150,3.3,1724266800,61.7,1724238000,0,0,986,final,72,1023,0,,282,1199,9757,6920,6774,20.7,1724216400,150,8.8,1.7,45.344,-93.852,19.98,1947.33,,8/21/2024
45,8/22/2024,13.7,50,404,286,116,900,854,71.78,1724364000,4.7,162,4.6,1724356800,61.7,1724317200,15,15,983,final,74,1020,0,,161,1193,9708,6870,3875,18.5,1724302800,162,8.6,2.5,45.344,-93.852,16.74,1964.07,,8/22/2024
62,8/23/2024,16.3,49,402,284,116,899,851,78.62,1724446800,5.9,177,3.1,1724421600,65.3,1724410800,0,0,981,final,74,1019,0,,260,1186,9658,6819,6248,21.2,1724389200,177,9.6,2,45.344,-93.852,21.96,1986.03,,8/23/2024
16,8/24/2024,17.1,49,400,282,116,898,847,85.1,1724529600,7.3,139,3.2,1724522400,64.4,1724497200,0,0,980,final,68,1018,0,,280,1179,9610,6768,6717,23.8,1724475600,139,8.8,1.8,45.344,-93.852,24.75,2010.78,,8/24/2024
78,8/25/2024,21.6,49,399,280,116,898,843,84.38,1724616000,2.4,130,3.6,1724598000,71.78,1724576400,0,0,979,final,80,1016,0,,89,1172,9564,6717,2125,25.4,1724562000,130,9.2,1.7,45.344,-93.852,28.08,2038.86,,8/25/2024
61,8/26/2024,22.4,49,397,278,115,897,840,90.86,1724706000,5.8,148,3.8,1724713200,69.62,1724731200,24.5,24.5,979,final,85,1017,0,,176,1165,9524,6665,4219,25.3,1724648400,148,12.9,1.3,45.344,-93.852,27.81,2066.67,,8/26/2024
68,8/27/2024,18.6,48,395,276,115,896,836,78.98,1724792400,2.3,260,3.5,1724774400,66.74,1724817600,26,26,980,final,82,1017,0,,81,1158,9488,6614,1947,21.9,1724734800,260,11.9,2,45.344,-93.852,22.86,2089.53,,8/27/2024
81,8/28/2024,15.8,48,394,273,115,896,832,71.6,1724882400,2.3,67,4.3,1724886000,62.06,1724846400,0,0,982,final,83,1020,0,,62,1153,9452,6561,1500,18.8,1724821200,67,6.8,3,45.344,-93.852,16.83,2106.36,,8/28/2024
66,8/29/2024,18.9,48,392,271,115,895,828,86,1724958000,3.3,168,5,1724958000,64.94,1724914800,7,7,978,final,82,1015,0,,120,1148,9414,6509,2885,22.2,1724907600,168,10,2.9,45.344,-93.852,25.47,2131.83,,8/29/2024
7,8/30/2024,12.8,48,391,269,115,894,824,78.08,1725051600,7.2,261,3.9,1725048000,57.2,1725019200,0,0,980,final,65,1018,0,,267,1143,9375,6456,6413,20,1724994000,261,10.4,2.1,45.344,-93.852,17.64,2149.47,,8/30/2024
1,8/31/2024,13.3,47,389,267,114,894,820,84.02,1725138000,5.3,252,5.5,1725156000,57.74,1725102000,0,0,981,final,62,1016,0,,260,1137,9335,6402,6249,21.7,1725080400,252,9.6,3,45.344,-93.852,20.88,2170.35,,8/31/2024
14,9/1/2024,9.5,47,387,264,114,893,816,71.78,1725220800,6.5,292,3.9,1725206400,53.06,1725188400,0,0,982,final,64,1024,0,,263,1132,9294,6348,6302,17,1725166800,292,8.8,2.1,45.344,-93.852,12.42,2182.77,,9/1/2024
6,9/2/2024,10.3,47,385,262,114,892,812,73.58,1725310800,6.6,191,3.6,1725296400,49.1,1725274800,0,0,984,final,69,1025,0,,261,1127,9251,6293,6253,16.8,1725253200,191,9.2,1.9,45.344,-93.852,11.79,2194.56,,9/2/2024
0,9/3/2024,11.4,47,384,260,114,891,807,77,1725397200,7,173,4.7,1725375600,58.28,1725361200,0,0,983,final,62,1021,0,,260,1121,9207,6238,6236,19.2,1725339600,173,10.4,3.2,45.344,-93.852,17.64,2212.2,,9/3/2024
18,9/4/2024,13.1,46,382,258,114,890,803,81.68,1725480000,4.3,171,4.7,1725465600,58.46,1725447600,0,0,981,final,62,1019,0,,193,1115,9162,6182,4626,21,1725426000,171,9.6,3.3,45.344,-93.852,20.07,2232.27,,9/4/2024
39,9/5/2024,13.2,46,380,255,113,890,799,73.4,1725562800,5.2,304,4.9,1725552000,56.48,1725595200,2,2,984,final,68,1021,0,,248,1109,9116,6126,5962,19.6,1725512400,304,9.3,3.3,45.344,-93.852,14.94,2247.21,,9/5/2024
18,9/6/2024,9.9,46,378,253,113,889,794,69.08,1725652800,6.2,270,4,1725634800,48.92,1725681600,3.3,3.3,988,final,80,1025,0,,244,1103,9069,6070,5860,13.7,1725598800,270,10,1.7,45.344,-93.852,9.54,2256.75,,9/6/2024
7,9/7/2024,8.8,46,376,251,113,888,790,69.44,1725742800,5.9,161,3.2,1725721200,46.94,1725696000,0,0,987,final,72,1025,0,,196,1097,9020,6013,4695,14.3,1725685200,161,6.4,1.5,45.344,-93.852,9.72,2266.47,,9/7/2024
0,9/8/2024,10.9,45,374,248,113,887,785,77.9,1725829200,6,232,3.8,1725829200,50,1725793200,0,0,981,final,66,1018,0,,248,1090,8970,5955,5942,17.8,1725771600,232,10.8,2.3,45.344,-93.852,13.95,2280.42,,9/8/2024
2,9/9/2024,13.4,45,372,246,113,886,780,80.06,1725915600,4.9,184,3.6,1725912000,53.42,1725879600,0,0,980,final,69,1017,0,,241,1084,8918,5898,5790,19.8,1725858000,184,8,1.9,45.344,-93.852,16.74,2297.16,,9/9/2024
1,9/10/2024,13.4,45,369,243,112,885,776,78.8,1725998400,4.6,163,3.2,1725984000,61.7,1725969600,0,0,974,final,64,1012,0,,177,1077,8866,5840,4257,20.7,1725944400,163,10.4,1.9,45.344,-93.852,20.25,2317.41,,9/10/2024
0,9/11/2024,14.4,45,367,241,112,884,771,80.78,1726084800,6.4,156,2.8,1726030800,59,1726056000,0,0,975,final,69,1013,0,,238,1070,8812,5782,5722,20.6,1726030800,156,7.6,1.3,45.344,-93.852,19.89,2337.3,,9/11/2024
0,9/12/2024,14.3,44,365,238,112,883,766,83.66,1726171200,6.3,144,3.6,1726174800,59.9,1726138800,0,0,978,final,63,1016,0,,238,1063,8758,5723,5722,22,1726117200,144,10,1.9,45.344,-93.852,21.78,2359.08,,9/12/2024
0,9/13/2024,14.1,44,363,236,112,882,761,83.66,1726257600,5.4,129,3.4,1726261200,60.98,1726286400,0,0,980,final,63,1018,0,,234,1056,8703,5665,5621,22.2,1726203600,129,10,1.7,45.344,-93.852,22.32,2381.4,,9/13/2024
69,9/14/2024,16.9,44,360,234,111,881,756,76.46,1726351200,2.7,155,3.2,1726333200,59.36,1726297200,0,0,981,final,81,1018,0,,130,1048,8649,5606,3115,20.5,1726290000,155,8.8,1.8,45.344,-93.852,17.91,2399.31,,9/14/2024
41,9/15/2024,18.4,43,358,231,111,880,751,85.82,1726434000,5.4,167,4,1726419600,67.1,1726401600,0,0,980,final,74,1018,0,,228,1041,8595,5547,5462,23.7,1726376400,167,9.6,2.3,45.344,-93.852,26.46,2425.77,,9/15/2024
9,9/16/2024,17.4,43,356,229,111,879,746,86.54,1726516800,3,161,3.6,1726520400,67.46,1726484400,0,0,980,final,66,1018,0,,170,1033,8543,5488,4076,24.5,1726462800,161,9.2,2.1,45.344,-93.852,26.73,2452.5,,9/16/2024
2,9/17/2024,16.1,43,354,226,111,878,741,86.18,1726606800,6,167,5.3,1726588800,69.98,1726578000,0,0,976,final,60,1014,0,,224,1025,8493,5429,5368,24.7,1726549200,167,10,3.1,45.344,-93.852,27.99,2480.49,,9/17/2024
12,9/18/2024,16.4,42,352,224,110,876,736,77.72,1726700400,1.8,152,3.7,1726671600,69.08,1726653600,2,2,973,final,66,1011,0,,66,1017,8443,5371,1593,23.1,1726635600,152,10.4,2.3,45.344,-93.852,23.4,2503.89,,9/18/2024
30,9/19/2024,16,42,350,221,110,875,731,83.48,1726779600,5.2,203,4.1,1726758000,66.2,1726804800,0,0,969,final,64,1007,0,,201,1011,8392,5312,4814,23.5,1726722000,203,12,2.5,45.344,-93.852,24.84,2528.73,,9/19/2024
0,9/20/2024,11,42,347,219,110,874,726,79.7,1726866000,5.8,233,3.6,1726851600,57.56,1726833600,0,0,972,final,61,1009,0,,219,1004,8339,5253,5253,19.7,1726808400,233,10,2,45.344,-93.852,18.63,2547.36,,9/20/2024
16,9/21/2024,12.3,42,345,216,110,873,720,78.26,1726952400,5.3,199,5.5,1726956000,57.38,1726977600,6,6,973,final,63,1010,0,,213,997,8284,5193,5121,19.8,1726894800,199,13.2,2.8,45.344,-93.852,17.82,2565.18,,9/21/2024
3,9/22/2024,7.2,41,343,214,109,872,715,68.18,1727038800,4.9,319,4.8,1727028000,46.4,1727064000,0,0,981,final,67,1019,0,,213,990,8229,5134,5118,14,1726981200,319,10.4,3,45.344,-93.852,9.09,2574.27,,9/22/2024
2,9/23/2024,6.2,41,341,211,109,870,710,69.8,1727125200,5.3,179,3.2,1727110800,41.9,1727089200,0,0,978,final,67,1016,0,,211,983,8173,5075,5074,13.1,1727067600,179,8.8,2.1,45.344,-93.852,9.9,2584.17,,9/23/2024
37,9/24/2024,10,41,338,209,109,869,704,72.86,1727208000,5.4,244,2.6,1727200800,52.7,1727179200,1,1,973,final,71,1010,0,,207,975,8117,5016,4963,15.6,1727154000,244,6.8,1.5,45.344,-93.852,12.78,2596.95,,9/24/2024
3,9/25/2024,10.4,40,336,207,108,868,699,78.26,1727298000,5.4,293,2,1727283600,49.1,1727254800,0,0,977,final,71,1015,0,,207,968,8063,4957,4957,16.6,1727240400,293,6,1.6,45.344,-93.852,14.13,2611.08,,9/25/2024
0,9/26/2024,10.8,40,334,204,108,866,693,82.04,1727380800,5.3,198,3.4,1727373600,50.9,1727344800,0,0,979,final,66,1016,0,,204,959,8013,4899,4899,18.5,1727326800,198,8,2,45.344,-93.852,16.47,2627.55,,9/26/2024
2,9/27/2024,11.8,40,332,202,108,865,688,83.84,1727467200,5.3,267,2.8,1727474400,51.98,1727438400,0,0,978,final,66,1016,0,,202,951,7971,4841,4841,19.3,1727413200,267,5.6,1.7,45.344,-93.852,17.91,2645.46,,9/27/2024
9,9/28/2024,11.2,39,331,199,107,863,682,84.2,1727557200,5.2,289,2.5,1727542800,52.16,1727514000,0,0,978,final,69,1018,0,,199,944,7933,4783,4783,18.6,1727499600,289,5.6,1.6,45.344,-93.852,18.18,2663.64,,9/28/2024
1,9/29/2024,11.5,39,329,197,107,862,677,80.96,1727643600,5.1,126,3,1727629200,50.54,1727600400,0,0,979,final,67,1019,0,,197,939,7894,4726,4726,18.6,1727586000,126,7.2,1.9,45.344,-93.852,15.75,2679.39,,9/29/2024
1,9/30/2024,8.5,39,327,194,107,860,671,82.22,1727722800,4.2,218,7.5,1727733600,55.94,1727755200,0,0,976,final,51,1014,0,,193,933,7854,4668,4625,19.6,1727672400,218,12,4.1,45.344,-93.852,19.08,2698.47,,9/30/2024
0,10/1/2024,0.4,39,326,192,107,859,665,62.96,1727812800,3.5,273,6.1,1727802000,46.22,1727784000,0,0,985,final,46,1022,0,,105,928,7814,4610,2529,12.5,1727758800,273,10.4,2.8,45.344,-93.852,6.48,2704.95,,10/1/2024
0,10/2/2024,1.3,38,324,190,106,857,660,79.34,1727902800,4.9,219,5.2,1727902800,51.08,1727859600,0,0,972,final,36,1010,0,,190,922,7772,4552,4552,17.2,1727845200,219,11.6,3.4,45.344,-93.852,15.21,2720.16,,10/2/2024
28,10/3/2024,3.8,38,322,187,106,856,654,60.26,1727982000,1.7,306,4.5,1727978400,41.36,1728014400,0,0,982,final,64,1019,0,,64,916,7729,4494,1532,10.8,1727931600,306,7.2,2.5,45.344,-93.852,5.13,2725.29,,10/3/2024
0,10/4/2024,1.3,38,320,185,106,854,648,67.82,1728072000,4.7,193,3.2,1728064800,34.52,1728039600,0,0,987,final,59,1025,0,,185,910,7685,4436,4430,10.6,1728018000,193,7.6,1.9,45.344,-93.852,8.91,2734.2,,10/4/2024
10,10/5/2024,6.6,38,318,182,105,852,643,75.74,1728158400,4.4,197,5.2,1728162000,51.26,1728104400,0,0,974,final,55,1012,0,,145,904,7641,4378,3481,16.1,1728104400,197,13.2,3.1,45.344,-93.852,13.5,2747.7,,10/5/2024
29,10/6/2024,0.3,37,316,180,105,851,637,61.34,1728244800,4.6,292,9.1,1728208800,40.82,1728273600,0,0,980,final,45,1018,0,,178,898,7595,4320,4265,12.6,1728190800,292,13.3,5.3,45.344,-93.852,5.67,2753.37,,10/6/2024
0,10/7/2024,2.4,37,314,178,105,849,631,69.26,1728331200,4.5,240,4.1,1728324000,40.64,1728288000,0,0,983,final,57,1021,0,,177,892,7548,4262,4255,11.8,1728277200,240,9.6,2.2,45.344,-93.852,9.63,2763,,10/7/2024
6,10/8/2024,4,37,312,175,104,847,625,68.72,1728421200,4.5,71,3.4,1728421200,41.36,1728388800,0,0,980,final,63,1018,0,,175,886,7500,4205,4205,12,1728363600,71,5.2,2.1,45.344,-93.852,9.36,2772.36,,10/8/2024
0,10/9/2024,3.3,37,310,173,104,845,619,71.6,1728504000,4.5,97,2.9,1728489600,41,1728475200,0,0,980,final,57,1018,0,,173,880,7451,4147,4147,13.1,1728450000,97,7.6,1.9,45.344,-93.852,10.8,2783.16,,10/9/2024
1,10/10/2024,7.1,36,308,170,103,844,613,80.06,1728594000,3.5,166,2.8,1728568800,49.46,1728561600,0,0,981,final,55,1018,0,,164,873,7400,4089,3940,16.9,1728536400,166,8.4,1.5,45.344,-93.852,15.03,2798.19,,10/10/2024
0,10/11/2024,5.4,36,306,168,103,842,608,69.8,1728673200,3.1,261,5.3,1728655200,45.32,1728705600,0,0,981,final,51,1019,0,,95,867,7349,4032,2292,15.9,1728622800,261,10,3,45.344,-93.852,9.9,2808.09,,10/11/2024
42,10/12/2024,5.4,36,304,166,103,840,602,63.5,1728766800,3.9,108,3,1728748800,44.6,1728734400,2.5,2.5,981,final,68,1019,0,,115,860,7296,3975,2763,11.3,1728709200,108,6.8,1.5,45.344,-93.852,6.75,2814.84,,10/12/2024
60,10/13/2024,1.9,36,302,163,102,838,596,54.32,1728853200,1.7,303,9.5,1728831600,39.38,1728874800,0,0,981,final,61,1018,0,,101,853,7242,3918,2431,9.3,1728795600,303,13.8,5.6,45.344,-93.852,2.16,2817,,10/13/2024
21,10/14/2024,-0.1,35,299,161,102,836,590,50.9,1728939600,1.7,295,4,1728957600,34.52,1728896400,0,0,987,final,68,1024,0,,88,847,7186,3862,2114,5.6,1728882000,295,8.4,2.6,45.344,-93.852,0.45,2817.45,,10/14/2024
18,10/15/2024,-0.8,35,297,159,102,834,584,53.96,1729026000,3.9,95,3.3,1728986400,30.38,1729051200,0,0,993,final,70,1031,0,,136,840,7129,3805,3261,4.9,1728968400,95,7.6,2,45.344,-93.852,1.98,2819.43,,10/15/2024
0,10/16/2024,-4.2,35,295,156,101,832,578,60.8,1729112400,3.8,166,4.8,1729105200,27.32,1729065600,0,0,988,final,53,1026,0,,156,833,7072,3749,3733,7.2,1729054800,166,10.4,2.7,45.344,-93.852,5.4,2824.83,,10/16/2024
0,10/17/2024,-3.2,34,292,154,101,830,573,70.88,1729195200,4,171,7.3,1729198800,46.4,1729166400,0,0,976,final,31,1014,0,,154,826,7012,3694,3694,14,1729141200,171,11.4,4.7,45.344,-93.852,10.44,2835.27,,10/17/2024
