clouds,datetime,dewpt,dhi,dni,ghi,max_dhi,max_dni,max_ghi,max_temp,max_temp_ts,max_uv,max_wind_dir,max_wind_spd,max_wind_spd_ts,min_temp,min_temp_ts,precip,precip_gpm,pres,revision_status,rh,slp,snow,snow_depth,solar_rad,t_dhi,t_dni,t_ghi,t_solar_rad,temp,ts,wind_dir,wind_gust_spd,wind_spd,latitude,longitude,GDD,Cumulative_GDD
54,5/19/2023,3.3,56,452,341,121,920,946,60.08,1684537200,2.9,273,7.7,1684476000,44.96,1684490400,0,0,988,final,58,1019,0,0,115,1348,10858,8188,2753,11.4,1684472400,273,13.9,5.4,44.993,-93.175,5.04,5.04
9,5/20/2023,4.7,56,453,342,121,920,948,73.04,1684620000,9.5,262,4.9,1684612800,44.96,1684573200,0,0,992,final,51,1023,0,0,342,1351,10883,8216,8212,15.9,1684558800,262,8,2.3,44.993,-93.175,11.52,16.56
16,5/21/2023,6.3,56,454,343,121,920,949,78.08,1684706400,9.5,170,3.7,1684684800,53.06,1684663200,0,0,988,final,47,1019,0,0,343,1354,10907,8243,8242,19.2,1684645200,170,6,2.2,44.993,-93.175,15.57,32.13
27,5/22/2023,7.5,57,455,345,121,920,951,82.04,1684789200,8.7,157,5.5,1684792800,57.92,1684753200,0,0,986,final,42,1016,0,0,343,1357,10930,8269,8237,21.6,1684731600,157,8.8,3,44.993,-93.175,19.98,52.11
9,5/23/2023,8.5,57,456,346,121,920,952,82.94,1684879200,8.9,166,4.6,1684861200,60.98,1684839600,0,0,987,final,42,1017,0,0,345,1359,10952,8294,8291,22.9,1684818000,166,8,2.7,44.993,-93.175,21.96,74.07
45,5/24/2023,9.2,57,457,347,121,920,953,75.02,1684954800,3.5,83,8.4,1684972800,55.94,1684926000,0,0,991,final,53,1021,0,0,196,1362,10973,8319,4715,19.3,1684904400,83,12.9,5.4,44.993,-93.175,15.48,89.55
43,5/25/2023,2.4,57,458,348,121,920,954,75.92,1685048400,9.5,128,7.2,1685059200,57.92,1685012400,0,0,993,final,33,1023,0,0,345,1364,10992,8342,8279,19.1,1684990800,128,10.4,5.6,44.993,-93.175,16.92,106.47
12,5/26/2023,0.4,57,459,349,121,920,955,78.98,1685142000,9.7,148,4.6,1685145600,53.96,1685098800,0,0,994,final,29,1024,0,0,349,1367,11011,8365,8365,19.7,1685077200,148,8,3.7,44.993,-93.175,16.47,122.94
0,5/27/2023,1.2,57,460,349,121,920,956,82.94,1685221200,9.7,149,5.7,1685214000,55.04,1685185200,0,0,992,final,29,1022,0,0,349,1369,11028,8386,8386,21.3,1685163600,149,9.8,4,44.993,-93.175,18.99,141.93
55,5/28/2023,4.7,57,460,350,121,920,957,84.02,1685300400,5.7,131,7,1685322000,57.92,1685271600,0,0,988,final,34,1018,0,0,208,1371,11045,8407,4996,21.8,1685250000,131,12.5,4.3,44.993,-93.175,20.97,162.9
60,5/29/2023,6.3,57,461,351,121,920,958,87.08,1685394000,9.7,165,5.5,1685401200,64.94,1685343600,0,0,983,final,33,1013,0,0,326,1373,11061,8427,7818,24.4,1685336400,165,10.8,3.9,44.993,-93.175,25.47,188.37
75,5/30/2023,13.4,57,461,352,121,920,959,89.06,1685484000,8.1,172,7.2,1685466000,64.04,1685448000,4.5,4.5,980,final,52,1010,0,0,224,1375,11075,8446,5374,24.5,1685422800,172,11.4,4.5,44.993,-93.175,25.02,213.39
53,5/31/2023,14.7,57,462,353,121,920,960,89.06,1685574000,6.8,161,6.4,1685563200,66.02,1685527200,0,0,981,final,52,1011,0,0,243,1377,11089,8464,5829,25.9,1685509200,161,13.1,4.3,44.993,-93.175,26.01,239.4
63,6/1/2023,16,57,463,353,121,920,961,89.96,1685646000,7.3,157,7.5,1685649600,71.96,1685613600,1.3,1.3,984,final,54,1014,0,0,326,1378,11102,8481,7825,26.2,1685595600,157,11.8,4.2,44.993,-93.175,28.98,268.38
78,6/2/2023,17.1,57,463,354,121,920,961,87.08,1685743200,6.6,140,6.7,1685750400,69.98,1685703600,0,0,986,final,62,1016,0,0,281,1380,11114,8497,6744,25.1,1685682000,140,11.3,3.5,44.993,-93.175,27.99,296.37
54,6/3/2023,15.2,58,464,355,121,920,962,89.06,1685833200,6,93,4.7,1685800800,69.08,1685790000,0,0,987,final,54,1017,0,0,245,1381,11125,8512,5888,26.1,1685768400,93,8,3,44.993,-93.175,27.54,323.91
27,6/4/2023,14.1,58,464,355,121,920,963,91.04,1685908800,9,109,4,1685919600,71.06,1685876400,0,0,988,final,47,1017,0,0,348,1383,11135,8526,8340,27.1,1685854800,109,6,2.7,44.993,-93.175,28.53,352.44
72,6/5/2023,15.8,58,464,356,121,920,963,84.92,1685988000,3.1,105,5.1,1685991600,69.98,1685962800,0,0,987,final,54,1017,0,0,114,1384,11144,8539,2727,26.1,1685941200,105,10.3,2.5,44.993,-93.175,27.45,379.89
72,6/6/2023,16.3,58,465,356,121,919,964,84.92,1686088800,6.3,74,4.3,1686092400,69.08,1686052800,0,0,984,final,60,1014,0,0,231,1385,11153,8552,5553,24.7,1686027600,74,6.8,3.2,44.993,-93.175,27,406.89
85,6/7/2023,10.2,58,465,357,121,919,964,80.96,1686171600,3.6,96,5.8,1686146400,66.92,1686135600,0,0,982,final,46,1012,0,0,136,1386,11161,8563,3272,23,1686114000,96,9.3,4.2,44.993,-93.175,23.94,430.83
66,6/8/2023,5.5,58,465,357,121,919,965,82.04,1686254400,7.7,113,5.5,1686211200,62.96,1686225600,0,0,982,final,34,1012,0,0,288,1387,11168,8574,6921,22.7,1686200400,113,7.8,3.6,44.993,-93.175,22.5,453.33
38,6/9/2023,8.3,58,466,358,121,919,965,84.92,1686344400,6.7,206,4.5,1686340800,62.06,1686304800,0,0,981,final,39,1011,0,0,317,1388,11174,8583,7617,23.7,1686286800,206,8.8,2.7,44.993,-93.175,23.49,476.82
78,6/10/2023,12.9,58,466,358,121,919,965,82.04,1686420000,7.5,136,8.4,1686445200,59,1686456000,2.3,2.3,979,final,57,1008,0,0,293,1389,11179,8592,7044,22.1,1686373200,136,15.2,3.4,44.993,-93.175,20.52,497.34
12,6/11/2023,3.8,58,466,358,121,919,966,71.06,1686520800,9.9,47,8.7,1686459600,50,1686481200,0,0,985,final,48,1015,0,0,358,1389,11184,8600,8599,16.2,1686459600,47,14.7,6.2,44.993,-93.175,10.53,507.87
55,6/12/2023,5.1,58,466,359,121,919,966,82.04,1686603600,5.5,289,7.4,1686610800,55.04,1686567600,0,0,981,final,39,1011,0,0,256,1390,11188,8606,6142,20.6,1686546000,289,12.6,4,44.993,-93.175,18.54,526.41
36,6/13/2023,7.8,58,466,359,121,919,966,87.08,1686686400,7.3,267,6.5,1686682800,60.98,1686650400,0,0,976,final,39,1005,0,0,218,1390,11191,8612,5241,23.7,1686632400,267,11.3,3.5,44.993,-93.175,23.49,549.9
20,6/14/2023,11,58,466,359,121,919,966,84.02,1686772800,7.4,226,4,1686769200,62.96,1686736800,0,0,975,final,47,1004,0,0,350,1391,11193,8617,8408,23.4,1686718800,226,10.3,2.3,44.993,-93.175,23.49,573.39
33,6/15/2023,9.1,58,466,359,121,919,966,73.94,1686862800,6.9,77,6.3,1686884400,58.64,1686826800,0,0,979,final,54,1009,0,0,286,1391,11195,8621,6871,19,1686805200,77,12,4.4,44.993,-93.175,16.29,589.68
22,6/16/2023,8.4,58,467,359,121,918,966,77,1686956400,5.8,118,4.3,1686931200,51.08,1686909600,0,0,985,final,54,1015,0,0,334,1391,11196,8624,8017,18.3,1686891600,118,7.4,2.9,44.993,-93.175,14.04,603.72
46,6/17/2023,10.6,58,467,359,121,918,966,84.02,1687039200,3.5,148,5.7,1687050000,62.06,1686996000,0,0,982,final,47,1011,0,0,147,1391,11196,8626,3531,23.4,1686978000,148,10.8,3.3,44.993,-93.175,23.04,626.76
78,6/18/2023,15.1,58,466,359,121,918,966,78.08,1687118400,5.1,130,6.1,1687129200,66.92,1687100400,0.5,0.5,977,final,65,1006,0,0,187,1391,11196,8627,4491,22.3,1687064400,130,11,4,44.993,-93.175,22.5,649.26
38,6/19/2023,16.9,58,466,359,121,918,966,89.06,1687208400,8.2,141,5.9,1687219200,64.4,1687168800,0,0,980,final,64,1010,0,0,353,1391,11195,8628,8472,25.1,1687150800,141,8.8,3.5,44.993,-93.175,25.2,674.46
2,6/20/2023,13.3,58,466,359,121,918,966,91.04,1687294800,9.9,147,6.7,1687284000,71.06,1687258800,0,0,986,final,45,1015,0,0,359,1391,11193,8627,8627,27.3,1687237200,147,10.3,4.7,44.993,-93.175,28.53,702.99
12,6/21/2023,13.3,58,466,359,121,918,966,91.04,1687384800,9.5,150,5,1687381200,69.08,1687341600,0,0,987,final,44,1017,0,0,335,1391,11190,8625,8036,27,1687323600,150,8.6,3.9,44.993,-93.175,27.54,730.53
26,6/22/2023,14,58,466,359,121,918,966,89.96,1687464000,7.9,163,4,1687453200,71.06,1687428000,0,0,986,final,44,1016,0,0,347,1391,11187,8623,8321,27.9,1687410000,163,6,2.5,44.993,-93.175,28.53,759.06
69,6/23/2023,14.9,58,466,359,121,918,965,91.94,1687543200,8.4,143,8,1687557600,72.32,1687579200,2,2,983,final,49,1012,0,0,336,1391,11183,8620,8066,26.9,1687496400,143,15.3,3.4,44.993,-93.175,29.16,788.22
71,6/24/2023,16.3,58,466,359,121,917,965,82.94,1687636800,5,156,8.3,1687626000,64.04,1687665600,18.5,18.5,978,final,65,1007,0,0,126,1390,11178,8615,3026,23.5,1687582800,156,22.7,4.9,44.993,-93.175,23.49,811.71
94,6/25/2023,16.6,58,466,359,121,917,965,75.02,1687734000,3.6,271,7.9,1687726800,62.96,1687683600,19.5,19.5,973,final,81,1003,0,0,137,1390,11172,8610,3279,20.2,1687669200,271,14.6,4.5,44.993,-93.175,18.99,830.7
59,6/26/2023,14.1,58,465,359,121,917,964,82.94,1687816800,7.6,280,8.2,1687813200,64.04,1687773600,0.8,0.8,980,final,64,1010,0,0,340,1389,11166,8604,8161,22.3,1687755600,280,12.3,5.1,44.993,-93.175,23.49,854.19
52,6/27/2023,13.5,58,465,358,121,917,964,84.92,1687899600,6.1,190,4.4,1687899600,64.04,1687860000,0,0,982,final,53,1012,0,0,231,1388,11159,8597,5533,24.3,1687842000,190,9.3,2.7,44.993,-93.175,24.48,878.67
73,6/28/2023,16.3,58,465,358,121,917,963,86,1687989600,6.7,198,8.3,1687968000,71.06,1687953600,1,1,979,final,58,1009,0,0,296,1387,11152,8589,7110,25.3,1687928400,198,15.1,5.2,44.993,-93.175,28.53,907.2
29,6/29/2023,16,58,464,358,121,917,963,89.96,1688076000,9.2,254,6,1688076000,64.94,1688032800,0,0,980,final,58,1010,0,0,338,1386,11143,8580,8111,25.7,1688014800,254,10.3,2.8,44.993,-93.175,25.47,932.67
51,6/30/2023,14.1,58,464,357,121,917,962,86,1688162400,4.4,297,4.9,1688169600,69.08,1688119200,0,0,983,final,50,1012,0,0,212,1385,11134,8570,5095,25.9,1688101200,297,8.2,2.5,44.993,-93.175,27.54,960.21
72,7/1/2023,14.6,58,463,357,121,916,962,86,1688234400,3.1,220,3.7,1688259600,68,1688209200,0,0,981,final,51,1011,0,0,119,1383,11124,8560,2855,26.1,1688187600,220,5.6,2.2,44.993,-93.175,27,987.21
62,7/2/2023,15.1,58,463,356,121,916,961,89.06,1688331600,6.9,188,4.3,1688342400,69.98,1688292000,0,0,980,final,51,1009,0,0,341,1382,11113,8548,8184,26.8,1688274000,188,5.6,1.9,44.993,-93.175,27.99,1015.2
62,7/3/2023,17.4,57,463,356,121,916,960,95,1688414400,8.5,203,7.5,1688414400,71.06,1688374800,0,0,980,final,54,1010,0,0,287,1380,11102,8536,6885,28.1,1688360400,203,14,3.6,44.993,-93.175,28.53,1043.73
70,7/4/2023,18.1,57,462,355,121,916,959,80.96,1688511600,3.4,212,6.9,1688482800,68,1688457600,7.8,7.8,982,final,73,1012,0,0,101,1378,11090,8523,2424,23.4,1688446800,212,19.4,3,44.993,-93.175,24.48,1068.21
63,7/5/2023,12.1,57,462,355,121,916,959,75.92,1688590800,6.5,310,6.2,1688590800,64.94,1688551200,0,0,986,final,57,1016,0,0,289,1377,11077,8508,6940,21.6,1688533200,310,10.4,4.7,44.993,-93.175,20.43,1088.64
29,7/6/2023,7.5,57,461,354,121,916,958,75.02,1688677200,4.6,312,5.6,1688673600,55.94,1688637600,0,0,988,final,49,1018,0,0,228,1375,11063,8493,5463,19.4,1688619600,312,9.3,2.9,44.993,-93.175,15.48,1104.12
63,7/7/2023,9.5,57,460,353,121,915,957,73.94,1688749200,3,228,5,1688785200,60.08,1688727600,0,0,985,final,51,1015,0,0,95,1373,11048,8477,2279,20.1,1688706000,228,8,3,44.993,-93.175,17.01,1121.13
46,7/8/2023,9.7,57,460,353,121,915,956,80.06,1688846400,8.4,272,6.1,1688846400,57.92,1688810400,0,0,983,final,53,1013,0,0,349,1371,11033,8460,8375,20.6,1688792400,272,9.4,3.3,44.993,-93.175,18.99,1140.12
34,7/9/2023,9.8,57,459,352,120,915,955,84.92,1688940000,8.7,244,8.2,1688947200,59,1688900400,0.3,0.3,981,final,45,1011,0,0,314,1369,11017,8443,7539,23,1688878800,244,15.8,5,44.993,-93.175,21.96,1162.08
42,7/10/2023,14.1,57,458,351,120,915,954,93.02,1689022800,8.6,234,9.3,1689033600,70.52,1688983200,0.3,0.3,977,final,49,1007,0,0,346,1367,11000,8424,8292,26.2,1688965200,234,14.9,5.8,44.993,-93.175,28.26,1190.34
52,7/11/2023,7.6,57,458,350,120,915,953,75.92,1689105600,4.6,132,4.1,1689120000,57.92,1689073200,0.5,0.5,984,final,45,1014,0,0,190,1365,10982,8405,4572,20.3,1689051600,132,7.2,2.9,44.993,-93.175,16.92,1207.26
81,7/12/2023,11.4,57,457,349,120,914,952,80.06,1689195600,8.1,94,4.9,1689163200,62.96,1689141600,0,0,981,final,57,1011,0,0,255,1363,10963,8384,6131,20.7,1689138000,94,8,3.3,44.993,-93.175,21.51,1228.77
61,7/13/2023,15.1,57,456,348,120,914,950,87.08,1689282000,7.5,211,7.6,1689278400,62.96,1689238800,3.3,3.3,978,final,65,1007,0,0,321,1360,10944,8363,7715,23.3,1689224400,211,26.8,3.8,44.993,-93.175,24.48,1253.25
34,7/14/2023,16,57,455,348,120,914,949,87.98,1689361200,7,237,7.2,1689372000,66.92,1689332400,1.3,1.3,977,final,63,1007,0,0,315,1358,10924,8341,7554,24.1,1689310800,237,12.9,3.6,44.993,-93.175,26.46,1279.71
12,7/15/2023,12.7,56,454,347,120,914,948,82.04,1689451200,7.3,278,9,1689462000,64.04,1689415200,0,0,980,final,58,1009,0,0,331,1355,10902,8318,7940,22.2,1689397200,278,15.1,3.8,44.993,-93.175,23.04,1302.75
53,7/16/2023,9.9,56,453,346,120,914,947,78.98,1689537600,7.3,267,10.4,1689534000,60.98,1689505200,2.5,2.5,980,final,53,1010,0,0,332,1352,10880,8295,7980,20.4,1689483600,267,17.5,5,44.993,-93.175,19.98,1322.73
38,7/17/2023,9.8,56,452,345,120,913,945,73.94,1689631200,4.1,309,7.2,1689606000,57.02,1689588000,0,0,984,final,56,1014,0,0,196,1350,10857,8270,4704,19.2,1689570000,309,11.2,4.2,44.993,-93.175,15.48,1338.21
33,7/18/2023,11,56,451,344,120,913,944,82.04,1689710400,5.2,262,3.9,1689735600,60.08,1689674400,0,0,984,final,51,1014,0,0,235,1347,10834,8245,5642,22.2,1689656400,262,5.6,1.9,44.993,-93.175,21.06,1359.27
61,7/19/2023,15.7,56,450,342,120,913,942,89.06,1689800400,7,215,7.2,1689811200,66.02,1689768000,8.3,8.3,983,final,61,1013,0,0,300,1343,10809,8219,7206,24.1,1689742800,215,15.7,3.7,44.993,-93.175,26.01,1385.28
51,7/20/2023,13.8,56,449,341,120,913,941,80.06,1689890400,3.7,280,7.3,1689876000,64.04,1689850800,0,0,985,final,60,1015,0,0,177,1340,10784,8192,4238,22.1,1689829200,280,12,4.6,44.993,-93.175,22.05,1407.33
37,7/21/2023,13.9,56,448,340,120,913,939,82.04,1689958800,6.4,247,5.5,1689962400,62.96,1689930000,2.5,2.5,986,final,58,1016,0,0,324,1337,10757,8164,7774,23.3,1689915600,247,12.4,2.5,44.993,-93.175,22.5,1429.83
42,7/22/2023,14.8,56,447,339,120,912,938,87.08,1690052400,7.2,185,7.5,1690056000,64.94,1690020000,6,6,982,final,62,1011,0,0,304,1333,10730,8135,7306,22.8,1690002000,185,13.4,2.7,44.993,-93.175,25.47,1455.3
26,7/23/2023,14.6,55,446,338,120,912,936,87.98,1690146000,7.5,256,3.6,1690135200,62.96,1690106400,0,0,982,final,58,1012,0,0,296,1330,10703,8106,7100,24.5,1690088400,256,6.4,2.1,44.993,-93.175,24.48,1479.78
32,7/24/2023,16.3,55,445,336,120,912,934,87.98,1690221600,6.7,190,5.6,1690225200,68,1690192800,6.8,6.8,985,final,58,1015,0,0,325,1326,10675,8076,7790,25.4,1690174800,190,17,2.1,44.993,-93.175,27,1506.78
43,7/25/2023,18.4,55,444,335,120,912,932,93.02,1690315200,7.9,156,6,1690318800,69.98,1690279200,0,0,983,final,59,1013,0,0,281,1322,10646,8045,6742,28,1690261200,156,11,3.3,44.993,-93.175,27.99,1534.77
52,7/26/2023,19.9,55,442,334,119,911,931,93.02,1690408800,7.2,260,7.5,1690351200,66.92,1690358400,45.5,45.5,978,final,67,1008,0,0,327,1318,10618,8013,7837,27.1,1690347600,260,17.7,3.1,44.993,-93.175,26.46,1561.23
47,7/27/2023,21.5,55,441,333,119,911,929,95,1690488000,5.8,162,8,1690506000,74.3,1690516800,0,0,980,final,64,1009,0,0,275,1314,10590,7981,6604,29.3,1690434000,162,17,4.6,44.993,-93.175,30.15,1591.38
59,7/28/2023,18.8,55,440,331,119,911,927,89.06,1690570800,3.1,101,6.8,1690578000,71.06,1690538400,21.8,21.8,983,final,69,1013,0,0,160,1309,10563,7948,3850,25.2,1690520400,101,12.8,3.2,44.993,-93.175,28.53,1619.91
39,7/29/2023,14.3,54,439,330,119,910,925,80.96,1690668000,6.1,197,5.3,1690650000,64.04,1690624800,0,0,989,final,60,1019,0,0,269,1305,10536,7914,6448,23,1690606800,197,10.6,3.4,44.993,-93.175,22.5,1642.41
40,7/30/2023,12.4,54,438,328,119,910,923,80.06,1690754400,8.5,123,4.2,1690732800,64.04,1690711200,0,0,990,final,56,1020,0,0,326,1300,10512,7880,7815,22.4,1690693200,123,8.4,2.1,44.993,-93.175,22.05,1664.46
25,7/31/2023,12.7,54,437,327,119,910,921,84.02,1690837200,8.5,188,3.7,1690844400,62.96,1690797600,0,0,990,final,54,1020,0,0,327,1296,10488,7845,7839,23.3,1690779600,188,5.2,1.8,44.993,-93.175,23.49,1687.95
49,8/1/2023,15.6,54,436,325,119,910,918,84.92,1690920000,2.8,145,4.8,1690916400,66.02,1690887600,0,0,989,final,57,1019,0,0,136,1292,10463,7809,3273,24.8,1690866000,145,8.8,3.2,44.993,-93.175,25.47,1713.42
37,8/2/2023,19.8,54,435,324,119,909,916,89.06,1691010000,6.5,148,3.5,1690999200,71.06,1690974000,28.8,28.8,985,final,67,1014,0,0,275,1289,10437,7773,6605,26.7,1690952400,148,10.3,2.2,44.993,-93.175,28.53,1741.95
52,8/3/2023,19.2,54,434,322,119,909,914,93.92,1691100000,7.1,212,5.8,1691118000,73.94,1691060400,29.5,29.5,984,final,61,1014,0,0,274,1285,10410,7735,6577,28.3,1691038800,212,19.3,2.7,44.993,-93.175,29.97,1771.92
57,8/4/2023,18.2,53,433,321,119,909,912,89.96,1691179200,4.2,129,6.2,1691190000,68,1691146800,0,0,984,final,63,1014,0,0,160,1281,10383,7697,3840,26.2,1691125200,129,9.2,3.3,44.993,-93.175,27,1798.92
82,8/5/2023,16.8,53,431,319,119,908,909,84.02,1691272800,3.3,110,6.6,1691272800,73.04,1691236800,0.3,0.3,985,final,61,1014,0,0,123,1278,10354,7658,2947,25,1691211600,110,9.3,4.3,44.993,-93.175,28.53,1827.45
95,8/6/2023,17.4,53,430,317,118,908,907,75.02,1691298000,2.7,147,4.6,1691323200,66.92,1691380800,9.8,9.8,982,final,79,1012,0,0,66,1274,10324,7619,1575,21.3,1691298000,147,7.6,3.2,44.993,-93.175,20.97,1848.42
66,8/7/2023,15.1,53,429,316,118,907,904,82.94,1691445600,4.8,248,4.6,1691449200,64.04,1691406000,0,0,983,final,65,1013,0,0,216,1270,10294,7578,5177,23,1691384400,248,8,2.8,44.993,-93.175,23.49,1871.91
26,8/8/2023,12.9,53,428,314,118,907,902,84.02,1691528400,7.6,271,5.3,1691532000,62.96,1691492400,0,0,982,final,53,1012,0,0,312,1266,10262,7537,7499,23.7,1691470800,271,8.2,2.6,44.993,-93.175,23.49,1895.4
41,8/9/2023,15.1,53,426,312,118,907,899,80.96,1691604000,6.3,225,4.2,1691625600,66.02,1691578800,0.3,0.3,978,final,61,1008,0,0,269,1261,10228,7496,6447,23.4,1691557200,225,8.4,2.4,44.993,-93.175,23.49,1918.89
87,8/10/2023,13.4,52,425,311,118,906,896,78.98,1691697600,4.4,118,4.9,1691708400,66.02,1691665200,0.3,0.3,978,final,57,1007,0,0,174,1257,10194,7453,4178,22.6,1691643600,118,16.4,3.1,44.993,-93.175,22.5,1941.39
57,8/11/2023,17.1,52,423,309,118,906,893,87.08,1691784000,8.2,246,6.4,1691791200,66.02,1691751600,50.3,50.3,975,final,73,1004,0,0,287,1252,10158,7410,6886,22.6,1691730000,246,14.6,3.4,44.993,-93.175,26.01,1967.4
27,8/12/2023,14.2,52,422,307,118,905,891,80.96,1691874000,6.6,281,7.3,1691877600,64.04,1691838000,0,0,980,final,60,1010,0,0,263,1248,10121,7366,6307,22.7,1691816400,281,11.8,4.1,44.993,-93.175,22.5,1989.9
83,8/13/2023,16,52,420,305,118,905,888,73.04,1691949600,2.7,171,5.4,1691967600,64.04,1691985600,6.5,6.5,984,final,78,1014,0,0,72,1243,10083,7321,1730,20,1691902800,171,9.9,2.6,44.993,-93.175,18.54,2008.44
81,8/14/2023,14.9,52,418,303,118,905,885,71.06,1692054000,2.6,97,7.1,1692036000,59.72,1692072000,28.5,28.5,984,final,82,1014,0,0,98,1238,10043,7276,2352,18.2,1691989200,97,11.8,4.8,44.993,-93.175,15.39,2023.83
18,8/15/2023,13.5,51,417,301,117,904,882,80.96,1692133200,8.3,261,5.7,1692122400,55.94,1692093600,0,0,987,final,64,1017,0,0,297,1233,10002,7230,7123,21.1,1692075600,261,9.5,3.2,44.993,-93.175,18.45,2042.28
43,8/16/2023,15.9,51,415,299,117,904,879,86,1692216000,6.1,222,9.2,1692208800,66.02,1692183600,1.8,1.8,977,final,59,1007,0,0,207,1228,9960,7183,4957,24.7,1692162000,222,16.5,6.1,44.993,-93.175,26.01,2068.29
40,8/17/2023,10.9,51,413,297,117,903,876,75.02,1692302400,3.8,308,8.8,1692284400,62.96,1692273600,0,0,979,final,55,1009,0,0,195,1222,9916,7136,4675,20.5,1692248400,308,13.1,5.8,44.993,-93.175,18.99,2087.28
22,8/18/2023,12.4,51,411,295,117,903,872,78.98,1692392400,5.2,186,7.5,1692385200,57.92,1692360000,0,0,983,final,61,1013,0,0,254,1217,9871,7089,6102,20.6,1692334800,186,12.4,4.2,44.993,-93.175,18.45,2105.73
20,8/19/2023,18.4,50,409,293,117,902,869,89.96,1692478800,7.5,226,6,1692432000,66.92,1692424800,0,0,979,final,63,1008,0,0,273,1211,9825,7040,6554,26,1692421200,226,10.4,3.9,44.993,-93.175,26.46,2132.19
47,8/20/2023,14.1,50,407,291,117,902,866,82.04,1692507600,5.9,89,7.1,1692518400,66.92,1692532800,0,0,990,final,55,1020,0,0,162,1205,9779,6992,3900,23.8,1692507600,89,11.1,4.5,44.993,-93.175,24.48,2156.67
83,8/21/2023,16.2,50,406,289,117,901,862,77,1692640800,2.5,85,6.8,1692658800,64.94,1692612000,0,0,991,final,72,1022,0,0,76,1198,9732,6943,1813,21.6,1692594000,85,10.8,4.2,44.993,-93.175,20.97,2177.64
28,8/22/2023,22.4,50,404,287,116,900,859,98.06,1692738000,7.6,184,7.1,1692763200,69.98,1692684000,0,0,985,final,69,1015,0,0,269,1192,9687,6893,6466,28.9,1692680400,184,11.8,5,44.993,-93.175,27.99,2205.63
14,8/23/2023,23.7,49,402,285,116,900,855,96.98,1692820800,7.8,194,6.2,1692766800,80.96,1692792000,0,0,980,final,66,1009,0,0,285,1185,9645,6843,6843,31.2,1692766800,194,12.9,4,44.993,-93.175,33.48,2239.11
51,8/24/2023,20.7,49,400,283,116,899,852,87.98,1692910800,3.4,202,5.2,1692896400,69.98,1692874800,0,0,981,final,74,1010,0,0,162,1178,9607,6793,3892,26,1692853200,202,10.8,3.6,44.993,-93.175,27.99,2267.1
31,8/25/2023,17.7,49,399,281,116,899,848,89.96,1692997200,6.3,194,6.4,1692997200,69.98,1692961200,0,0,984,final,63,1014,0,0,275,1172,9574,6743,6600,26,1692939600,194,10.3,3.5,44.993,-93.175,27.99,2295.09
58,8/26/2023,12.5,49,397,279,116,898,844,71.96,1693076400,2.4,53,7,1693062000,62.06,1693047600,0,0,990,final,63,1021,0,0,79,1167,9540,6693,1902,19.9,1693026000,53,12.8,4.8,44.993,-93.175,17.01,2312.1
45,8/27/2023,11.9,48,396,277,116,897,841,77,1693177200,5.8,142,3.4,1693112400,57.02,1693134000,0,0,989,final,62,1019,0,0,258,1162,9505,6642,6185,19.8,1693112400,142,6,2.2,44.993,-93.175,17.01,2329.11
34,8/28/2023,14.9,48,395,275,115,897,837,86,1693260000,7.4,237,5.1,1693256400,64.04,1693206000,0,0,984,final,58,1013,0,0,266,1157,9469,6590,6378,24.1,1693198800,237,8.8,3.4,44.993,-93.175,25.02,2354.13
22,8/29/2023,14.1,48,393,272,115,896,833,82.94,1693342800,6.3,230,5.9,1693328400,64.04,1693306800,0,0,984,final,58,1014,0,0,269,1152,9431,6537,6466,23.5,1693285200,230,12.4,3.5,44.993,-93.175,23.49,2377.62
29,8/30/2023,11.9,48,391,270,115,895,829,78.98,1693429200,6.6,128,5.7,1693371600,60.98,1693396800,0,0,988,final,57,1018,0,0,265,1147,9393,6485,6349,21,1693371600,128,8.2,4.3,44.993,-93.175,19.98,2397.6
21,8/31/2023,9.2,48,390,268,115,895,825,82.04,1693515600,6.7,155,7.1,1693504800,60.08,1693479600,0,0,986,final,48,1016,0,0,264,1142,9354,6431,6326,21.8,1693458000,155,14,4.8,44.993,-93.175,21.06,2418.66
30,9/1/2023,13,47,388,266,115,894,821,89.06,1693598400,6.9,185,6.8,1693594800,62.06,1693562400,0,0,984,final,50,1014,0,0,264,1137,9313,6377,6347,24.5,1693544400,185,13.1,5.2,44.993,-93.175,24.03,2442.69
69,9/2/2023,16.1,47,386,263,115,893,816,89.96,1693695600,4.4,210,5.8,1693630800,71.96,1693656000,0,0,981,final,49,1010,0,0,185,1131,9271,6323,4446,27.8,1693630800,210,13.3,4.2,44.993,-93.175,28.98,2471.67
39,9/3/2023,16.6,47,384,261,114,892,812,96.98,1693774800,6.2,217,6.5,1693717200,75.02,1693742400,0,0,977,final,46,1006,0,0,246,1125,9228,6268,5911,29.9,1693717200,217,13.3,3.9,44.993,-93.175,30.51,2502.18
16,9/4/2023,15.2,47,383,259,114,891,808,98.06,1693857600,6.3,175,8.6,1693861200,73.94,1693825200,0,0,975,final,42,1005,0,0,259,1120,9183,6212,6208,30.3,1693803600,175,14.1,5.2,44.993,-93.175,29.97,2532.15
48,9/5/2023,18.7,46,381,257,114,891,804,91.04,1693947600,4.9,202,6.3,1693944000,74.3,1693972800,0,0,974,final,57,1003,0,0,194,1114,9137,6157,4663,28.1,1693890000,202,12.4,4.9,44.993,-93.175,30.15,2562.3
95,9/6/2023,14.1,46,379,254,114,890,799,73.94,1693976400,2.1,313,8.5,1693998000,60.98,1694059200,0,0,981,final,74,1011,0,0,62,1108,9090,6100,1497,18.8,1693976400,313,13.5,6.4,44.993,-93.175,17.46,2579.76
93,9/7/2023,10.3,46,377,252,113,889,795,64.04,1694124000,2.6,106,5.3,1694062800,57.92,1694088000,0,0,987,final,69,1017,0,0,98,1102,9041,6044,2350,16.1,1694062800,106,8.2,2.9,44.993,-93.175,10.98,2590.74
16,9/8/2023,10.3,46,375,249,113,888,790,77,1694210400,6.7,183,3.7,1694217600,53.06,1694160000,0,0,989,final,63,1019,0,0,249,1095,8991,5987,5974,18.2,1694149200,183,4.4,1.8,44.993,-93.175,15.03,2605.77
71,9/9/2023,12.5,45,372,247,113,887,785,78.08,1694286000,2.1,225,3.9,1694300400,60.98,1694253600,0,0,990,final,66,1020,0,0,66,1089,8940,5929,1578,19.3,1694235600,225,6.8,2.6,44.993,-93.175,19.53,2625.3
82,9/10/2023,12,45,370,245,113,886,781,73.04,1694376000,2.2,125,5.9,1694365200,60.8,1694325600,0,0,991,final,66,1022,0,0,93,1082,8887,5871,2220,18.9,1694322000,125,11.8,3.7,44.993,-93.175,16.92,2642.22
50,9/11/2023,8.8,45,368,242,113,885,776,73.94,1694462400,2.5,175,5.8,1694491200,53.06,1694430000,6.3,6.3,991,final,60,1021,0,0,109,1075,8832,5813,2626,17.6,1694408400,175,15.4,2.5,44.993,-93.175,13.5,2655.72
75,9/12/2023,9.8,45,366,240,112,884,771,64.94,1694552400,5,195,6.2,1694556000,53.24,1694577600,2.3,2.3,990,final,72,1020,0,0,210,1068,8777,5755,5034,15,1694494800,195,10.3,3.9,44.993,-93.175,9.09,2664.81
6,9/13/2023,5.4,44,363,237,112,883,766,66.02,1694642400,6,100,4.4,1694664000,46.94,1694602800,0,0,990,final,61,1021,0,0,237,1061,8720,5697,5687,13.6,1694581200,100,6,2.4,44.993,-93.175,8.01,2672.82
42,9/14/2023,7.8,44,361,235,112,882,762,82.94,1694721600,5.9,171,6.8,1694718000,51.08,1694689200,0,0,986,final,51,1017,0,0,199,1054,8662,5638,4783,19.6,1694667600,171,12.4,4.4,44.993,-93.175,17.01,2689.83
75,9/15/2023,13,44,358,232,112,881,757,71.96,1694754000,1.9,220,4.8,1694772000,59,1694782800,6.3,6.3,985,final,73,1015,0,0,51,1046,8603,5579,1223,18.5,1694754000,220,9.6,3.4,44.993,-93.175,15.48,2705.31
54,9/16/2023,11.3,43,356,230,111,880,752,73.04,1694894400,5.6,197,4.8,1694916000,53.06,1694865600,0,0,986,final,71,1017,0,0,217,1039,8544,5520,5209,17.1,1694840400,197,9.3,2.6,44.993,-93.175,13.05,2718.36
41,9/17/2023,9.8,43,354,228,111,879,746,71.06,1694988000,5.5,200,3,1694970000,51.98,1694944800,0,0,988,final,67,1018,0,0,164,1031,8486,5461,3947,16.7,1694926800,200,5.6,1.9,44.993,-93.175,11.52,2729.88
50,9/18/2023,9.2,43,351,225,111,878,741,77,1695070800,3.2,138,6.2,1695088800,53.96,1695038400,0,0,984,final,57,1014,0,0,121,1022,8429,5402,2912,18.7,1695013200,138,9.8,3.7,44.993,-93.175,15.48,2745.36
45,9/19/2023,12.6,42,349,223,111,876,736,80.96,1695157200,3.5,128,6.1,1695160800,60.98,1695124800,0,0,979,final,59,1009,0,0,180,1014,8373,5344,4331,21.1,1695099600,128,10,4.7,44.993,-93.175,20.97,2766.33
19,9/20/2023,13.4,42,347,220,110,875,731,86,1695243600,5.4,152,5.6,1695265200,60.08,1695207600,0,0,983,final,58,1013,0,0,218,1005,8320,5285,5235,22.6,1695186000,152,7.7,3.5,44.993,-93.175,23.04,2789.37
47,9/21/2023,13.7,42,344,218,110,874,726,82.94,1695330000,2.8,136,5.7,1695340800,62.96,1695297600,0,0,989,final,59,1019,0,0,130,998,8266,5227,3108,22.7,1695272400,136,7.6,3,44.993,-93.175,22.95,2812.32
83,9/22/2023,14.4,41,342,215,110,873,720,73.94,1695412800,1.8,112,6.7,1695405600,64.94,1695369600,0,0,988,final,67,1018,0,0,55,991,8211,5168,1319,20.8,1695358800,112,12,4.5,44.993,-93.175,19.44,2831.76
97,9/23/2023,16.8,41,340,213,109,871,715,73.94,1695499200,1.7,125,10.2,1695524400,64.04,1695520800,13.3,13.3,982,final,82,1012,0,0,52,983,8158,5110,1239,20,1695445200,125,17.1,5.6,44.993,-93.175,18.99,2850.75
93,9/24/2023,15.4,41,338,210,109,870,710,71.96,1695589200,3.8,125,7.9,1695531600,62.06,1695560400,7.5,7.5,980,final,79,1010,0,0,144,976,8108,5052,3458,19.1,1695531600,125,15.3,4.7,44.993,-93.175,17.01,2867.76
96,9/25/2023,15.3,40,336,208,109,869,704,64.4,1695618000,1.7,135,5.8,1695672000,60.08,1695679200,32.5,32.5,985,final,90,1015,0,0,39,968,8063,4994,935,17,1695618000,135,12.4,2.6,44.993,-93.175,12.24,2880
98,9/26/2023,15,40,334,206,109,867,699,66.92,1695758400,2,68,5.5,1695751200,60.98,1695726000,1.6,1.6,989,final,85,1020,0,0,77,960,8026,4937,1843,17.5,1695704400,68,12.4,4.2,44.993,-93.175,13.95,2893.95
81,9/27/2023,14.4,40,333,203,108,866,693,73.04,1695848400,3.5,86,5.8,1695855600,60.8,1695798000,0,0,989,final,77,1019,0,0,156,954,7990,4880,3749,18.6,1695790800,86,11.2,4.1,44.993,-93.175,16.92,2910.87
73,9/28/2023,14.5,40,331,201,108,865,688,71.96,1695934800,1.8,132,8,1695942000,62.06,1695880800,0,0,986,final,77,1017,0,0,90,949,7952,4822,2168,18.8,1695877200,132,13.9,5.1,44.993,-93.175,17.01,2927.88
80,9/29/2023,15.6,39,330,199,108,863,682,73.94,1696021200,1.6,144,7.6,1696014000,60.08,1695985200,43.1,43.1,984,final,81,1014,0,0,70,944,7914,4765,1684,18.9,1695963600,144,22.3,5.5,44.993,-93.175,17.01,2944.89
67,9/30/2023,18.6,39,328,196,107,862,677,87.98,1696111200,1.9,121,6.8,1696053600,68,1696071600,6,6,985,final,71,1015,0,0,69,938,7875,4708,1657,24.5,1696050000,121,15.4,3.3,44.993,-93.175,27,2971.89
20,10/1/2023,15.7,39,326,194,107,860,671,91.04,1696194000,1.6,163,6.4,1696186800,69.08,1696161600,0,0,988,final,55,1018,0,0,64,932,7834,4650,1526,26.2,1696136400,163,12,4,44.993,-93.175,27.54,2999.43
23,10/2/2023,12.8,39,325,191,107,859,665,89.06,1696280400,4.7,168,7.4,1696276800,66.92,1696248000,0,0,986,final,47,1016,0,0,190,927,7793,4592,4558,25.5,1696222800,168,12,4.2,44.993,-93.175,26.46,3025.89
56,10/3/2023,13.9,38,323,189,106,857,660,87.08,1696363200,3.2,179,9.6,1696359600,66.92,1696388400,6.8,6.8,981,final,55,1010,0,0,103,921,7751,4534,2480,24.1,1696309200,179,16,5.7,44.993,-93.175,26.46,3052.35
76,10/4/2023,11.8,38,321,187,106,855,654,71.06,1696395600,2.5,236,7.7,1696395600,57.02,1696478400,6.8,6.8,979,final,71,1009,0,0,97,915,7708,4477,2320,17.3,1696395600,236,14.9,5.1,44.993,-93.175,14.04,3066.39
56,10/5/2023,6.5,38,319,184,106,854,648,62.96,1696525200,3.9,263,10.2,1696528800,53.06,1696557600,0.3,0.3,981,final,61,1012,0,0,182,909,7663,4419,4370,14.2,1696482000,263,16.8,5.9,44.993,-93.175,8.01,3074.4
74,10/6/2023,3.5,38,317,182,105,852,642,55.04,1696622400,2.6,302,9.3,1696622400,44.96,1696604400,3.8,3.8,985,final,65,1016,0,0,92,903,7618,4361,2204,10,1696568400,302,16.3,6.7,44.993,-93.175,2.52,3076.92
88,10/7/2023,2.3,37,315,179,105,851,637,51.98,1696705200,1.4,260,6.3,1696654800,44.06,1696672800,0,0,991,final,63,1022,0,0,62,897,7572,4304,1480,9.1,1696654800,260,11.3,3.4,44.993,-93.175,0.99,3077.91
79,10/8/2023,1.8,37,314,177,105,849,631,60.08,1696798800,3.7,108,4.8,1696798800,46.94,1696762800,0,0,984,final,54,1015,0,0,165,891,7524,4246,3971,11,1696741200,108,10.3,3.4,44.993,-93.175,5.04,3082.95
16,10/9/2023,0,37,311,175,104,847,625,55.94,1696885200,4.4,318,7.1,1696870800,37.94,1696852800,0,0,982,final,57,1013,0,0,174,885,7475,4189,4188,8.6,1696827600,318,10.8,4,44.993,-93.175,2.97,3085.92
15,10/10/2023,-0.5,37,309,172,104,845,619,57.92,1696971600,4.5,302,6.1,1696953600,37.94,1696939200,0,0,979,final,55,1010,0,0,172,878,7425,4131,4131,8.7,1696914000,302,9.3,2.6,44.993,-93.175,3.96,3089.88
11,10/11/2023,3.3,36,307,170,104,843,613,62.06,1697054400,3.1,91,5.3,1697061600,39.92,1697018400,0,0,978,final,64,1009,0,0,160,872,7374,4074,3837,10.1,1697000400,91,8.4,2.6,44.993,-93.175,6.03,3095.91
69,10/12/2023,4.3,36,305,167,103,842,607,53.96,1697137200,1.3,81,8.8,1697137200,44.06,1697112000,12.5,12.5,981,final,69,1012,0,0,42,865,7322,4017,1017,9.7,1697086800,81,16.2,6.4,44.993,-93.175,1.98,3097.89
100,10/13/2023,7,36,303,165,103,840,602,50,1697198400,1.3,69,9.3,1697184000,46.94,1697184000,48.5,48.5,981,final,88,1011,0,0,31,859,7269,3960,752,9,1697173200,69,16.3,8,44.993,-93.175,0,3097.89
95,10/14/2023,5.9,35,301,163,103,838,596,53.96,1697317200,1.7,104,7.3,1697295600,46.04,1697284800,0.3,0.3,991,final,78,1022,0,0,83,852,7214,3904,1999,9.7,1697259600,104,11.8,5.4,44.993,-93.175,1.98,3099.87
56,10/15/2023,4.2,35,298,160,102,836,590,55.94,1697407200,3.9,293,7,1697403600,42.08,1697371200,0,0,993,final,71,1024,0,0,127,845,7158,3848,3050,9.3,1697346000,293,10.4,4.2,44.993,-93.175,2.97,3102.84
19,10/16/2023,4.8,35,296,158,102,834,584,60.08,1697490000,3.9,285,3.4,1697432400,39.92,1697454000,0,0,990,final,73,1021,0,0,158,838,7101,3792,3785,9.7,1697432400,285,6,2,44.993,-93.175,5.04,3107.88
38,10/17/2023,4.3,35,293,156,101,832,578,64.04,1697580000,2.1,189,3.2,1697598000,42.08,1697544000,0,0,983,final,64,1014,0,0,115,831,7042,3737,2748,11.4,1697518800,189,6.4,1.7,44.993,-93.175,7.02,3114.9
70,10/18/2023,6.5,34,291,153,101,830,573,59,1697655600,1.7,210,4.8,1697644800,51.08,1697623200,0,0,975,final,69,1005,0,0,65,824,6982,3682,1571,12.3,1697605200,210,8.8,3,44.993,-93.175,5.04,3119.94
85,10/19/2023,8.5,34,288,151,101,828,567,60.98,1697749200,2.2,310,6.6,1697752800,48.56,1697774400,1,1,977,final,82,1007,0,0,70,817,6921,3627,1676,11.7,1697691600,310,9.3,3.5,44.993,-93.175,5.49,3125.43
25,10/20/2023,7.2,34,286,149,100,826,561,69.08,1697835600,3.9,223,3.9,1697828400,44.06,1697803200,0,0,977,final,71,1007,0,0,149,809,6859,3573,3573,12.9,1697778000,223,7.7,2.1,44.993,-93.175,9.54,3134.97
